strain,normal_stress_GPa,,,,Lx_angstrom,Ly_angstrom,Lz_angstrom,,,
1.70E-16,-0.134570607,-0.016574323,-0.082468579,0.144844046,83.63038973,79.66458183,78.84748759,-175889.4985,7639.899998,1832.424075
0.0025,0.225748103,0.180795264,0.203699637,0.055059085,83.83946571,79.63649471,78.82820311,-175832.4131,7595.919582,1821.875406
0.005,0.328808664,-0.014783351,-0.116301073,0.571387783,84.04854168,79.51126132,78.70960985,-175838.2753,7617.096691,1826.954719
0.0075,0.482807782,-0.023168934,0.030259807,0.680930788,84.25761766,79.40544757,78.6523182,-175850.2377,7646.733502,1834.063085
0.01,0.668380933,0.082794713,0.109854711,0.809688214,84.46669363,79.33338775,78.58978727,-175832.5432,7648.054946,1834.380033
0.0125,0.807181007,-0.00191424,0.042646344,1.114061945,84.67576961,79.25023154,78.48720547,-175832.9523,7668.457079,1839.273468
0.015,0.992397059,0.036350579,0.027407827,1.358421533,84.88484558,79.19142489,78.39877733,-175769.8916,7626.720522,1829.262987
0.0175,1.043215492,0.010554913,0.114958506,1.392461494,85.09392155,79.13134296,78.3162207,-175699.2324,7578.651012,1817.733553
0.02,1.184730446,0.096982258,0.062467019,1.563285841,85.30299753,79.07549244,78.20139004,-175732.7275,7636.850249,1831.692595
0.0225,1.285877187,-0.003159894,-0.000334978,1.820979493,85.5120735,78.99947549,78.09476287,-175690.8999,7621.127129,1827.921417
0.025,1.440797505,-0.015906541,-0.056275512,2.089220895,85.72114948,78.92932036,78.01988338,-175601.0667,7559.185734,1813.064821
0.0275,1.618342266,0.135821801,0.016747642,2.185669445,85.93022545,78.86966965,77.97479166,-175573.0508,7561.248295,1813.559525
0.03,1.696073806,0.050685252,0.076041542,2.309210032,86.13930143,78.74411641,77.90431006,-175585.6311,7605.224372,1824.107153
0.0325,1.673043924,-0.074267653,-0.062633465,2.462886335,86.3483774,78.6287056,77.83751819,-175521.9521,7574.67346,1816.77954
0.035,1.948998978,0.108133712,0.147714499,2.575844976,86.55745337,78.56907297,77.82586253,-175456.6447,7544.249885,1809.482469
0.0375,2.005312443,-0.000369284,0.024189756,2.819256896,86.76652935,78.46869469,77.75123338,-175408.8351,7533.583531,1806.924153
0.04,2.092490731,0.067872309,-0.018697504,2.926378282,86.97560532,78.38608599,77.68107194,-175383.6447,7546.931344,1810.125615
0.0425,2.177577816,0.078559037,0.108843411,2.947279936,87.1846813,78.30119829,77.63663874,-175332.7603,7535.99212,1807.501851
0.045,2.212995526,-0.0759605,-0.000487991,3.185047106,87.39375727,78.21208163,77.55180784,-175234.7995,7479.415308,1793.931946
0.0475,2.268827053,0.103873887,0.009020336,3.130933696,87.60283325,78.16443206,77.47357408,-175203.6205,7490.054364,1796.483716
0.05,2.317006346,0.072937376,0.095423744,3.157812603,87.81190922,78.09312406,77.40656495,-175155.8933,7484.876095,1795.241712
0.0525,2.248895406,-0.030745522,0.082598116,3.146816406,88.02098519,78.01606905,77.30800979,-175067.809,7439.657311,1784.396022
0.055,2.350356218,0.027625382,0.008349336,3.298552158,88.23006117,77.96646967,77.20267047,-175065.6991,7480.894321,1794.286686
0.0575,2.302024101,0.031835391,0.015606241,3.222068714,88.43913714,77.91924192,77.12651627,-174935.4837,7394.917862,1773.6653
0.06,2.378189962,0.077414469,0.09640184,3.240445251,88.64821312,77.8584899,77.05566521,-174874.4373,7378.557542,1769.74129
0.0625,2.388922785,0.052317853,-0.082999677,3.404178917,88.85728909,77.77119819,76.96107866,-174842.031,7391.727265,1772.900038
0.065,2.391764829,0.037463282,0.016037922,3.34473813,89.06636507,77.68233077,76.92604832,-174763.9442,7359.426566,1765.15274
0.0675,2.351255574,0.033372971,0.074697502,3.249154371,89.27544104,77.58550704,76.88820153,-174658.8232,7300.942788,1751.125451
0.07,2.248261766,0.026271158,0.03999529,3.13270992,89.48451701,77.48888872,76.81450414,-174617.3183,7306.318102,1752.414716
0.0725,2.137012038,0.015610068,0.006483047,3.006589996,89.69359299,77.40714255,76.73550647,-174533.3749,7269.23931,1743.521397
0.075,1.999763805,0.080457582,0.112006651,2.692277622,89.90266896,77.33465938,76.65649472,-174505.4422,7287.550873,1747.913411
0.0775,1.809068306,-0.038719714,0.055947509,2.54886543,90.11174494,77.26956195,76.54346682,-174375.5339,7203.029177,1727.640948
0.08,1.80472798,0.032060213,0.080214969,2.473583436,90.32082091,77.2388739,76.42351718,-174386.0905,7259.287081,1741.134362
0.0825,1.754896901,0.100483927,0.079577074,2.354615873,90.52989689,77.19942922,76.32181321,-174313.4197,7232.0686,1734.606031
0.085,1.665216215,0.037446564,0.108383414,2.253529331,90.73897286,77.13156075,76.22865249,-174236.8777,7201.172882,1727.195717
0.0875,1.551998685,0.011353952,0.04687559,2.154122446,90.94804884,77.06979444,76.12594199,-174173.5525,7183.504852,1722.958054
0.09,1.489547007,0.204189877,0.066402748,1.922620042,91.15712481,77.01405519,76.03811965,-174116.8105,7172.153213,1720.235372
0.0925,1.251835163,-0.020350621,-0.013397411,1.794245937,91.36620078,76.89030281,75.95946677,-174043.4431,7142.63533,1713.155531
0.095,1.107667806,0.035884476,0.073725656,1.489693872,91.57527676,76.80265187,75.91701634,-173959.1138,7101.898237,1703.38477
0.0975,1.099940799,0.105271854,0.052844627,1.44517311,91.78435273,76.72222727,75.85529829,-173907.2634,7093.98648,1701.487142
0.1,0.892451159,0.026338994,0.090188951,1.182307806,91.99342871,76.61348004,75.7810777,-173864.5995,7094.212191,1701.541278
0.1025,0.836214267,-0.099873806,0.022005707,1.246615849,92.20250468,76.53208386,75.69158935,-173777.4386,7049.491714,1690.815107
0.105,0.747323121,0.104349594,0.140196385,0.885043966,92.41158066,76.50642936,75.60076981,-173755.7879,7070.120812,1695.76298
0.1075,0.651004291,0.133651204,0.086062063,0.767514602,92.62065663,76.4400802,75.48060693,-173744.408,7099.968838,1702.922006
0.11,0.519934288,-0.001668912,0.031523512,0.715343778,92.8297326,76.34935891,75.37651486,-173687.6458,7084.208561,1699.141916
0.1125,0.474491861,0.058883779,-0.014499884,0.645932015,93.03880858,76.29181421,75.31009893,-173592.774,7029.910899,1686.118664
0.115,0.456995717,0.083410652,0.030828942,0.569164964,93.24788455,76.20316693,75.25857845,-173543.5934,7021.052798,1683.994055
0.1175,0.357079099,-0.028811792,-0.020701981,0.540088967,93.45696053,76.08655778,75.20331711,-173486.2099,7003.90431,1679.881003
0.12,0.424041566,0.074487614,0.131419854,0.45940909,93.6660365,76.00536047,75.15481767,-173495.8266,7054.416083,1691.996213
0.1225,0.378767227,0.037673789,0.052921502,0.471966802,93.87511248,75.92596743,75.0651468,-173455.398,7054.073325,1691.914003
0.125,0.342260981,0.079173141,0.01263462,0.426961501,94.08418845,75.85386569,74.98272814,-173413.343,7051.580605,1691.316126
0.1275,0.271583486,0.02787041,0.029285315,0.343666218,94.29326442,75.76095727,74.91850354,-173376.5847,7054.221428,1691.949525
0.13,0.337132387,0.002150405,0.073431747,0.432240657,94.5023404,75.67282368,74.85847807,-173380.355,7097.116446,1702.237862
0.1325,0.453987539,0.024516573,0.090117598,0.566701102,94.71141637,75.6168838,74.78423681,-173318.9858,7075.591937,1697.075225
0.135,0.286204253,0.040921875,0.080081405,0.322774755,94.92049235,75.5601307,74.67660036,-173293.6744,7089.205912,1700.340526
0.1375,0.238035252,-0.003624929,-0.028127483,0.360336814,95.12956832,75.49181593,74.55413688,-173273.1547,7106.339051,1704.449896
0.14,0.250097831,0.026749817,0.03065792,0.313134928,95.3386443,75.44859226,74.46964258,-173208.2023,7079.137985,1697.925742
0.1425,0.327428511,0.086836319,-0.01724117,0.433028771,95.54772027,75.39336622,74.39426256,-173182.0341,7091.006559,1700.77241
0.145,0.303651704,0.028153368,0.116448402,0.344587323,95.75679624,75.29132214,74.33053715,-173215.9611,7162.775868,1717.986223
0.1475,0.203413473,-0.016664374,0.001823277,0.29902284,95.96587222,75.20300289,74.24085504,-173163.5789,7146.94176,1714.188425
0.15,0.242845442,0.028929539,0.097635831,0.267518969,96.17494819,75.15608634,74.16091521,-173148.9573,7168.720127,1719.411949
0.1525,0.267140306,0.006445411,-0.010371386,0.381126451,96.38402417,75.11391614,74.04809304,-173115.7549,7171.653643,1720.115551
0.155,0.280479218,0.072944054,0.083766924,0.28615329,96.59310014,75.06231322,73.94100227,-173158.9861,7250.338987,1738.988169
0.1575,0.200422231,-0.008993323,0.054064648,0.263157222,96.80217612,74.99858011,73.83719789,-173103.7272,7229.671433,1734.031072
0.16,0.191342663,0.041286465,0.046227574,0.208805331,97.01125209,74.96558547,73.74655618,-173052.5713,7212.390237,1729.886191
0.1625,0.180093261,0.103445549,-0.007337324,0.230820149,97.22032807,74.91507308,73.65032601,-173031.6662,7225.22891,1732.965537
0.165,0.305424481,0.012934392,0.018222938,0.409955055,97.42940404,74.82899261,73.57518628,-173036.3619,7264.194519,1742.311408
0.1675,0.23348819,0.05859071,0.025518832,0.273740994,97.63848001,74.75115665,73.50865505,-173018.2333,7279.693298,1746.028778
0.17,0.28336534,0.145574322,0.092896021,0.240914777,97.84755599,74.66833499,73.45628646,-173016.0479,7310.617679,1753.445966
0.1725,0.251100405,0.019700916,0.11904015,0.284348234,98.05663196,74.56936203,73.3893453,-173018.4129,7345.77678,1761.878849
0.175,0.173543292,0.045285274,-0.058956563,0.285258939,98.26570794,74.49507532,73.29792717,-172952.066,7310.813392,1753.492908
0.1775,0.238151942,-0.009136358,0.117185987,0.302888759,98.47478391,74.43230644,73.24058793,-172934.1258,7324.245864,1756.714676
0.18,0.192085472,0.131130291,0.053371143,0.170304681,98.68385989,74.36961148,73.13281487,-172968.6975,7388.595449,1772.148874
0.1825,0.052870333,-0.114180028,-0.061845265,0.209295051,98.89293586,74.27405466,73.02519259,-172934.8443,7384.095637,1771.069597
0.185,0.279598204,0.073396089,0.048374975,0.310820768,99.10201183,74.25243275,72.97807577,-172887.5512,7365.588782,1766.630743
0.1875,0.365944735,0.162635556,0.214178613,0.258890449,99.31108781,74.20718182,72.91274971,-172871.5711,7379.142833,1769.881671
0.19,0.26619189,-0.080127634,-0.119034922,0.519471546,99.52016378,74.10981943,72.78634701,-172844.5062,7381.805821,1770.520387
0.1925,0.400364625,0.03983511,0.11501834,0.465893283,99.72923976,74.08315901,72.73317807,-172836.0664,7403.66107,1775.762351
0.195,0.438659444,0.263909402,0.092110966,0.424438603,99.93831573,74.03607616,72.6559211,-172838.8381,7435.941732,1783.504843
0.1975,0.267876692,-0.032025685,-0.074789468,0.457373232,100.1473917,73.89504643,72.56757326,-172810.5958,7436.377643,1783.609396
0.2,0.212461283,0.015229787,-0.021706163,0.308381129,100.3564677,73.79836492,72.5324762,-172783.2933,7436.238815,1783.576098
0.2025,0.29668081,0.064011334,0.113248977,0.300344249,100.5655437,73.72618339,72.50481236,-172750.3124,7429.676783,1782.0022
0.205,0.289735339,0.109095883,0.057883643,0.298342949,100.7746196,73.63537993,72.42789817,-172788.1166,7494.018089,1797.434412
0.2075,0.209804752,-0.032285619,-0.020374548,0.334263566,100.9836956,73.53216235,72.34829659,-172765.2218,7496.669663,1798.07039
0.21,0.267871389,0.030789374,0.074825056,0.30889142,101.1927716,73.47902232,72.29281847,-172717.0181,7473.749911,1792.573105
0.2125,0.285145934,0.10433216,0.097490679,0.260681648,101.4018476,73.42153348,72.2117089,-172720.837,7502.541076,1799.478644
0.215,0.168359587,0.028372157,-0.086703546,0.312883524,101.6109235,73.33203585,72.11663807,-172703.249,7508.882475,1800.999623
0.2175,0.21000983,0.072528381,0.014707191,0.245738804,101.8199995,73.25595855,72.08708597,-172667.1789,7497.320906,1798.22659
0.22,0.341591281,-0.035107811,0.132550772,0.462287292,102.0290755,73.16735058,72.04567611,-172667.0161,7520.9969,1803.905259
0.2225,0.308278098,0.013407205,0.103200221,0.37022772,102.2381514,73.11487956,71.94232425,-172694.2569,7571.91696,1816.118396
0.225,0.280988374,0.022097491,0.024374318,0.364527705,102.4472274,73.08466479,71.83275924,-172663.7428,7563.688733,1814.144862
0.2275,0.232240492,0.100403126,0.036813632,0.244164642,102.6563034,73.03596736,71.74385015,-172628.3144,7550.059176,1810.875823
0.23,0.220705664,-0.015378994,0.010886482,0.316938369,102.8653794,72.94732382,71.67146194,-172613.309,7556.23078,1812.356078
0.2325,0.294340088,0.093151424,0.043684683,0.325195277,103.0744553,72.88245473,71.61924104,-172627.551,7591.431,1820.798823
0.235,0.248029095,0.052692178,0.069977616,0.26487285,103.2835313,72.80052522,71.56094481,-172569.8246,7554.461176,1811.93164
0.2375,0.214513149,0.104305454,-0.06952568,0.350772085,103.4926073,72.70707963,71.48726504,-172576.6705,7581.873966,1818.506576
0.24,0.217804903,-0.083058038,0.126395351,0.37781601,103.7016833,72.60601696,71.43999651,-172599.0243,7623.751896,1828.550965
0.2425,0.255147308,0.037488851,0.078376317,0.283363675,103.9107592,72.56175388,71.35816958,-172617.3739,7660.703892,1837.413872
0.245,0.189117194,0.071737754,0.118848073,0.144689545,104.1198352,72.53417394,71.25491241,-172597.1583,7657.999837,1836.765307
0.2475,0.117618659,0.025322549,-0.003605152,0.155082547,104.3289112,72.48543352,71.13634055,-172586.2267,7662.853519,1837.929459
0.25,0.230132026,0.084464789,0.032200467,0.251251677,104.5379872,72.43163146,71.06023407,-172592.0557,7684.139233,1843.034821
0.2525,0.198522583,0.035981303,-0.022187865,0.280207819,104.7470631,72.37226206,71.00285347,-172504.5319,7611.963169,1825.723448
0.255,0.231734941,0.068343092,0.107777863,0.208847683,104.9561391,72.3147256,70.95129219,-172472.315,7595.02076,1821.659824
0.2575,0.229582911,0.025559389,-0.02614418,0.33120266,105.1652151,72.23734347,70.86016665,-172483.5492,7621.916112,1828.110653
0.26,0.284861993,0.013269794,0.084036032,0.345110489,105.3742911,72.16891143,70.79376822,-172492.6108,7647.001585,1834.127385
0.2625,0.221144338,0.022798051,0.047809061,0.264597655,105.583367,72.12125331,70.70521661,-172473.3902,7642.565112,1833.0633
0.265,0.229888609,0.037855966,0.022970749,0.282689063,105.792443,72.07277155,70.60357124,-172482.9685,7665.977053,1838.678636
0.2675,0.211196127,0.076423812,0.028839712,0.231693085,106.001519,72.0109893,70.51629267,-172517.0686,7713.445128,1850.063817
0.27,0.233359353,-0.03503287,0.016378176,0.348938838,106.210595,71.93178402,70.45457612,-172483.3241,7691.656728,1844.837886
0.2725,0.242355833,0.209601991,0.131150468,0.139978887,106.4196709,71.87792971,70.40957744,-172488.0598,7708.140449,1848.791494
0.275,0.136054062,-0.069535927,-0.159748089,0.371354804,106.6287469,71.76111448,70.32794563,-172437.9944,7667.335953,1839.004567
0.2775,0.238260563,0.059143528,0.076472262,0.24198895,106.8378229,71.67827926,70.31274064,-172497.6839,7736.44556,1855.580452
0.28,0.299211189,0.106587095,0.003630972,0.367520978,107.0468989,71.58906755,70.28011243,-172459.225,7705.536938,1848.167044
0.2825,0.230527828,0.112861697,0.041193846,0.234155838,107.2559748,71.47793479,70.25086306,-172464.3438,7717.85013,1851.120353
0.285,0.080522268,-0.004501996,0.028865759,0.104932967,107.4650508,71.34637888,70.21881242,-172441.1939,7700.925703,1847.061043
0.2875,0.194402781,-0.035610785,0.015637633,0.295786441,107.6741268,71.25040413,70.17843655,-172474.6679,7739.339683,1856.274606
0.29,0.285674096,0.097546485,0.154311037,0.236369342,107.8832028,71.21092868,70.13256069,-172428.932,7699.589405,1846.740532
0.2925,0.18174513,0.066201034,0.07347759,0.158509452,108.0922787,71.14959758,70.02005126,-172434.9361,7710.462663,1849.348475
0.295,0.118742153,0.016291227,-0.070220872,0.231705762,108.3013547,71.07193566,69.90998666,-172504.2176,7784.140828,1867.020126
0.2975,0.247562869,-0.013628252,0.119944317,0.31992019,108.5104307,71.02430085,69.86547313,-172467.0677,7750.360854,1858.918025
0.3,0.140832616,0.033362293,0.111196346,0.135964403,108.7195067,70.99360483,69.77804616,-172424.7611,7710.257193,1849.299193
0.3025,0.151612102,0.033437098,0.003643567,0.191696826,108.9285826,70.95785636,69.66566282,-172444.4968,7732.327356,1854.592704
0.305,0.135427751,0.034923409,0.076525275,0.123698584,109.1376586,70.9221477,69.58132447,-172398.6357,7689.562616,1844.335615
0.3075,0.189060762,0.035916428,0.062303412,0.200541481,109.3467346,70.87797063,69.48171657,-172434.6027,7729.359106,1853.880772
0.31,0.215061874,-0.035570615,-0.027614056,0.348957816,109.5558106,70.83637986,69.38401668,-172429.2799,7727.50639,1853.4364
0.3125,0.245368594,0.124565453,0.166613593,0.1502125,109.7648865,70.79830956,69.31595026,-172461.7572,7763.025828,1861.955709
0.315,0.038567146,-0.035971711,-0.026354569,0.099314449,109.9739625,70.71481139,69.20998887,-172423.6149,7725.949226,1853.062915
0.3175,0.127907843,0.022976568,0.029278025,0.144146182,110.1830385,70.67396135,69.1421515,-172432.0863,7736.39101,1855.567369
0.32,0.296464639,0.051317819,0.089209161,0.323245342,110.3921144,70.64730432,69.07333623,-172430.9298,7737.705266,1855.882592
0.3225,0.312698695,-0.025432632,0.019882728,0.449585883,110.6011904,70.60741609,68.96877236,-172408.6373,7718.504844,1851.277386
0.325,0.181367061,-0.035770849,0.044315613,0.26897177,110.8102664,70.57421437,68.87440751,-172380.1941,7693.556956,1845.293654
0.3275,0.270380438,0.067634941,0.039978432,0.308148833,111.0193424,70.54807286,68.78261047,-172423.9073,7740.635837,1856.585487
0.33,0.305173264,0.047782252,0.001720311,0.400569009,111.2284183,70.49687163,68.69380024,-172409.5916,7729.914587,1854.014004
0.3325,0.242903674,-0.09602812,0.021471128,0.421560443,111.4374943,70.44014899,68.61386586,-172399.9367,7723.432088,1852.459181
0.335,0.358627069,0.082687719,0.10565557,0.375052831,111.6465703,70.42488385,68.5331709,-172410.4393,7736.954104,1855.702426
0.3375,0.190810913,0.047460284,0.093872925,0.179166151,111.8556463,70.37259022,68.42567271,-172403.6768,7732.5244,1854.639965
0.34,0.112982647,-0.086231199,-0.054478326,0.262178525,112.0647222,70.31212316,68.32069381,-172422.0688,7753.414118,1859.650348
0.3425,0.174928305,0.083578511,0.08876672,0.125680233,112.2737982,70.29422687,68.26617766,-172368.4082,7701.767741,1847.263005
0.345,0.183760449,0.085931554,0.025702553,0.19539786,112.4828742,70.22922178,68.17976478,-172440.86,7776.011591,1865.070334
0.3475,0.104902485,-0.134673038,-0.053852053,0.298548934,112.6919502,70.15138257,68.08815151,-172429.0678,7765.859805,1862.635436
0.35,0.223283756,0.089394175,0.073081439,0.20187437,112.9010261,70.14848248,68.03203184,-172377.7197,7715.593902,1850.579199
0.3525,0.350687302,0.046536848,0.067248025,0.416262268,113.1101021,70.10984384,67.94218087,-172408.3752,7747.766065,1858.295667
0.355,0.239534458,-0.007377744,0.022221121,0.330252653,113.3191781,70.05673675,67.84516659,-172396.9055,7738.838788,1856.154466
0.3575,0.259071593,0.077517577,0.046358628,0.281388603,113.5282541,70.03044773,67.77352784,-172373.4419,7718.301658,1851.228652
0.36,0.327026958,0.089861038,0.051324121,0.365711392,113.73733,69.97229223,67.69400772,-172415.9627,7764.031109,1862.196825
0.3625,0.13399192,-0.07935369,-0.002350132,0.264641365,113.946406,69.88866498,67.61670616,-172389.2119,7740.014849,1856.436544
0.365,0.152638164,0.01644013,0.079522553,0.166958644,114.155482,69.85251283,67.55280435,-172426.6101,7778.610323,1865.693638
0.3675,0.15982523,-0.002523458,-0.000183906,0.227959412,114.364558,69.81383723,67.46188584,-172352.7334,7706.027847,1848.284788
0.37,0.156663329,0.023345673,-0.021882339,0.227371339,114.5736339,69.77325806,67.38347155,-172357.2677,7712.3015,1849.789519
0.3725,0.2070572,0.04436542,-0.044700372,0.312703063,114.7827099,69.71997301,67.32917267,-172329.7069,7686.682387,1843.644794
0.375,0.176802965,0.038345368,0.065081834,0.179908188,114.9917859,69.6285433,67.28978833,-172375.3017,7734.156219,1855.031356
0.3775,0.229835409,0.012914303,-0.030867273,0.341961228,115.2008619,69.53823862,67.2466792,-172388.3537,7750.223173,1858.885002
0.38,0.275524272,0.083858571,0.119949857,0.249482907,115.4099378,69.45424372,67.21535412,-172421.6724,7785.925479,1867.448173
0.3825,0.024486214,-0.006407906,-0.046337402,0.086975835,115.6190138,69.35409924,67.14571855,-172384.4291,7749.873419,1858.801114
0.385,0.150796108,0.063723176,-0.003233844,0.189182885,115.8280898,69.29212239,67.11094256,-172379.2808,7745.782275,1857.819856
0.3875,0.280779459,-0.007652947,0.120348543,0.353999595,116.0371658,69.22684902,67.07838686,-172374.5643,7742.510992,1857.035242
0.39,0.229180985,0.047837901,-0.000855605,0.296939732,116.2462417,69.17286723,66.99642159,-172377.6249,7747.403497,1858.208705
0.3925,0.196605865,-0.011855443,0.024239628,0.272890254,116.4553177,69.11654549,66.91951408,-172363.2417,7734.396777,1855.089054
0.395,0.266198296,0.021180048,-0.064230542,0.420133464,116.6643937,69.06481684,66.85819636,-172368.3223,7740.786585,1856.621644
0.3975,0.423468675,0.054696183,0.187134939,0.457588035,116.8734697,69.00669472,66.8256714,-172438.0891,7812.64248,1873.856225
0.4,0.154896013,0.011486601,0.028256734,0.192054689,117.0825456,68.93820748,66.7284084,-172403.6833,7779.208045,1865.837001
0.4025,0.170053413,0.018078376,-0.00571273,0.233572614,117.2916216,68.89003796,66.64607339,-172418.9388,7795.00182,1869.625126
0.405,0.287708263,0.070741756,-0.006214447,0.373346061,117.5006976,68.85508784,66.60024561,-172363.7283,7740.742519,1856.611075
0.4075,0.235785598,0.126079972,0.079898327,0.196134928,117.7097735,68.77583102,66.56358933,-172380.0738,7757.652138,1860.666834
0.41,0.10959664,-0.031000441,-0.051160696,0.214515492,117.9188495,68.66527738,66.50726044,-172377.7507,7756.000095,1860.270593
0.4125,0.068780471,-0.003169163,0.073172734,0.104995842,118.1279255,68.60005126,66.46262927,-172379.1062,7757.564088,1860.645715
0.415,0.092099703,-0.011719127,0.079694399,0.13888367,118.3370015,68.55933111,66.393605,-172357.6423,7736.284553,1855.541835
0.4175,0.146572642,0.034695064,0.111361065,0.140121815,118.5460774,68.53652124,66.29651506,-172403.045,7782.17415,1866.548419
0.42,0.14641247,0.014976477,-0.035988942,0.230528022,118.7551534,68.51036335,66.19005285,-172392.689,7772.033427,1864.116175
0.4225,0.230377482,-0.088520436,0.099080292,0.392592496,118.9642294,68.48929331,66.12007441,-172380.25,7760.391545,1861.323878
0.425,0.303935901,0.071127929,0.039714366,0.353552518,119.1733054,68.49000033,66.02505499,-172361.7804,7743.02451,1857.158409
0.4275,0.284014591,0.028883212,-0.03873315,0.416929367,119.3823813,68.44717633,65.93717145,-172341.9966,7724.661019,1852.75394
0.43,0.21982506,0.010803508,0.100331723,0.256873448,119.5914573,68.39546254,65.87176344,-172369.0741,7753.237377,1859.607957
0.4325,0.23041168,0.048802547,-0.009352643,0.306350835,119.8005333,68.33889547,65.79494624,-172368.8735,7754.155662,1859.828207
0.435,0.187373816,0.059090873,0.008420857,0.225938323,120.0096093,68.27578215,65.75207658,-172386.2464,7773.035126,1864.356432
0.4375,0.120148576,0.0564779,0.08229583,0.078443296,120.2186852,68.20517425,65.7040569,-172341.8886,7729.755869,1853.975935
0.44,0.125829137,-0.134834482,0.005873911,0.319583526,120.4277612,68.13074341,65.63037599,-172361.2598,7749.811272,1858.786208
0.4425,0.274919206,0.016038194,0.058312357,0.340183789,120.6368372,68.11674128,65.56577708,-172378.2033,7767.559824,1863.043185
0.445,0.246145748,0.043420217,0.122846136,0.250217729,120.8459132,68.09039209,65.47862612,-172410.5702,7800.050655,1870.836085
0.4475,0.221796694,-0.029589754,0.005220848,0.333634562,121.0549891,68.05282045,65.37748238,-172394.5244,7784.152823,1867.023002
0.45,0.213775887,0.105701197,0.037614824,0.217597364,121.2640651,68.03531576,65.29539802,-172402.088,7791.194968,1868.712056
0.4525,0.116304545,0.080277735,-0.070096139,0.242188869,121.4731411,67.97885871,65.22283397,-172362.1724,7750.149916,1858.867432
0.455,0.167569873,-0.003119627,0.105302534,0.211583298,121.6822171,67.89557447,65.19321722,-172425.2503,7812.277307,1873.768638
0.4575,0.21997456,0.005493533,0.008215201,0.3014159,121.891293,67.83658155,65.14050694,-172392.9198,7779.423593,1865.8887
0.46,0.173062425,0.076093846,0.037262291,0.17132563,122.100369,67.78684745,65.08319152,-172398.0579,7783.682011,1866.910079
0.4625,0.05167053,-0.013565857,0.030343144,0.081477874,122.309445,67.72118111,65.01825447,-172357.2595,7742.025127,1856.918707
0.465,0.123758285,0.03559049,-0.053242934,0.216781846,122.518521,67.68585583,64.95860151,-172363.5905,7747.804803,1858.304958
0.4675,0.234404511,0.119855054,0.087489644,0.189084838,122.7275969,67.62648096,64.91880184,-172405.5982,7789.634322,1868.337736
0.47,0.059725506,-0.074603942,0.003989043,0.165311256,122.9366729,67.52716644,64.85574306,-172401.0321,7784.466465,1867.098229
0.4725,0.170927555,0.018416383,0.004065013,0.226514299,123.1457489,67.47360444,64.82348861,-172373.4178,7756.405792,1860.367899
0.475,0.286795088,0.050451019,0.101210683,0.30475668,123.3548249,67.42747741,64.80278379,-172362.6739,7746.729453,1858.047036
0.4775,0.280463679,0.136454537,-0.02262285,0.371356557,123.5639008,67.36304559,64.73598779,-172409.3734,7794.380412,1869.476082
0.48,0.18236862,0.035625777,-0.05105373,0.289020401,123.7729768,67.25823469,64.7052535,-172372.8901,7758.873473,1860.95977
0.4825,0.080925465,0.043400081,0.126034958,0.101348625,123.9820528,67.15708138,64.7037636,-172386.2436,7772.755452,1864.289352
0.485,0.148111003,-0.008475151,0.058947296,0.192393286,124.1911288,67.08094946,64.65143773,-172400.173,7786.878703,1867.676803
0.4875,0.074003113,0.065977378,0.079777334,0.016976243,124.4002047,67.03411337,64.5875224,-172400.6454,7786.844445,1867.668586
0.49,0.125106809,0.047455079,-0.004173895,0.159401514,124.6092807,66.97709714,64.51869763,-172423.6843,7809.433726,1873.086607
0.4925,0.161988069,0.033359054,0.008067896,0.20217934,124.8183567,66.93482284,64.46666879,-172380.5824,7765.639291,1862.582546
0.495,0.213862913,-0.094487298,0.095500136,0.381031266,125.0274327,66.89239269,64.40627601,-172386.3633,7770.58947,1863.769843
0.4975,0.226633704,0.077408429,-0.02362633,0.308393076,125.2365086,66.87071154,64.32495521,-172387.4788,7770.669677,1863.78908
0.5,0.258121881,0.053978662,0.092745465,0.265568594,125.4455846,66.81994586,64.27006479,-172392.0779,7774.850622,1864.791877
0.5025,0.235533569,-0.01997289,-0.051894975,0.385898611,125.6546606,66.76137231,64.19748057,-172391.7045,7774.28555,1864.656345
0.505,0.267964599,0.130085416,-0.017658326,0.349884749,125.8637365,66.71174342,64.16948368,-172394.9503,7777.319042,1865.383925
0.5075,0.324914303,0.122157547,0.085697615,0.315696456,126.0728125,66.60491243,64.17477836,-172403.765,7785.817435,1867.422258
0.51,0.247882135,0.023063215,-0.022124614,0.354244451,126.2818885,66.48228361,64.15777562,-172384.1016,7766.233246,1862.725006
0.5125,0.152074783,-0.005509272,0.093715768,0.195151525,126.4909645,66.39267194,64.14550217,-172394.6034,7776.519085,1865.192056
0.515,0.137978865,-0.00165069,0.038665106,0.176025563,126.7000404,66.33129843,64.1026949,-172342.2723,7724.194583,1852.642065
0.5175,0.321508416,0.015385848,0.109279582,0.384145985,126.9091164,66.28559509,64.04484568,-172442.121,7824.599344,1876.724069
0.52,0.261663168,0.020342597,0.046298996,0.324485869,127.1181924,66.25733788,63.96839771,-172393.5451,7776.364132,1865.154891
0.5225,0.131365293,0.043815103,0.027091342,0.137177903,127.3272684,66.23157807,63.88520053,-172341.9905,7724.916954,1852.815325
0.525,0.116958174,-0.005606611,0.023244846,0.15696089,127.5363443,66.17710522,63.80592256,-172395.7423,7778.194817,1865.593979
0.5275,0.183835956,0.001598562,0.083818468,0.223548828,127.7454203,66.14926247,63.734774,-172414.7809,7796.975351,1870.098476
0.53,0.182392419,0.0469514,0.047507406,0.191150583,127.9544963,66.14766573,63.64634197,-172395.8436,7777.399122,1865.403132
0.5325,0.03810198,0.060907272,0.04093569,0.030446269,128.1635723,66.12450342,63.55459775,-172366.404,7746.506925,1857.993663
0.535,0.119135108,0.023452637,-0.020014573,0.17437651,128.3726482,66.08244202,63.47380886,-172408.2594,7787.565103,1867.841435
0.5375,0.114804224,0.031231333,0.068319415,0.102570909,128.5817242,66.05633577,63.42032109,-172380.3463,7759.20152,1861.038452
0.54,0.177697847,0.087543326,-0.019888816,0.24230145,128.7908002,66.02213807,63.35394377,-172359.0123,7737.464615,1855.824872
0.5425,0.105712008,-0.000312033,0.060766541,0.130352538,128.9998762,65.95170729,63.30860411,-172392.4979,7770.796032,1863.819387
0.545,0.131602673,0.099631171,0.062553349,0.084644851,129.2089521,65.89299649,63.2581519,-172446.095,7823.903349,1876.557135
0.5475,0.186303135,-0.013820537,-0.024079065,0.29054327,129.4180281,65.83307975,63.19719501,-172426.9994,7803.845139,1871.746189
0.55,0.276884307,0.050917615,0.053569864,0.317706343,129.6271041,65.80302655,63.1660888,-172395.0983,7771.321752,1863.94548
0.5525,0.115649639,0.018240727,0.127556608,0.146902124,129.8361801,65.74685804,63.10981485,-172364.3766,7739.198919,1856.240844
0.555,0.09149972,-0.086147342,-0.097296601,0.259474151,130.045256,65.69496132,63.02795563,-172325.1259,7699.341286,1846.681021
0.5575,0.243324939,0.178290649,0.073969462,0.209269316,130.254332,65.66586314,62.99880558,-172388.5636,7762.838775,1861.910845
0.56,0.109686448,-0.03817819,0.082882745,0.192971862,130.463408,65.57760921,62.94741551,-172407.8433,7782.007291,1866.508398
0.5625,0.092992414,-0.050709064,-0.013426501,0.182661133,130.672484,65.52725346,62.87901487,-172392.5611,7766.71509,1862.840576
0.565,0.185707314,0.034162532,0.104821101,0.18574454,130.8815599,65.51956375,62.82363694,-172390.9559,7765.004065,1862.430188
0.5675,0.21220976,0.075654095,0.003635722,0.259494171,131.0906359,65.49242723,62.74585294,-172380.5023,7754.639229,1859.94419
0.57,0.187729514,-0.000834371,-0.011896359,0.274825755,131.2997119,65.44008249,62.68728689,-172369.5948,7744.112173,1857.419284
0.5725,0.084635209,0.084522011,0.087833775,0.004605586,131.5087879,65.40330213,62.63093202,-172380.2598,7754.742351,1859.968924
0.575,0.104756457,0.096743549,-0.073703717,0.246909925,131.7178638,65.3399967,62.55521517,-172428.9519,7802.384215,1871.395788
0.5775,0.004300596,0.003136636,-0.10786052,0.157803167,131.9269398,65.25177342,62.53835037,-172369.5761,7741.548861,1856.804475
0.58,0.173606332,0.098924483,0.056423391,0.145311951,132.1360158,65.17388586,62.5668096,-172361.9919,7732.961054,1854.744697
0.5825,0.06651422,0.075887769,0.115845274,0.064171789,132.3450918,65.06763606,62.56224197,-172343.6354,7714.263089,1850.260004
0.585,0.0956232,-0.150381574,-0.033609401,0.301421889,132.5541677,64.97613991,62.51577033,-172358.6585,7730.149195,1854.070274
0.5875,0.183451136,0.093547394,0.08014371,0.137603655,132.7632437,64.96447374,62.4815703,-172360.2184,7733.159985,1854.79241
0.59,0.193603727,0.052770048,-0.025656073,0.272139012,132.9723197,64.90951044,62.41573821,-172348.3838,7722.051616,1852.128076
0.5925,0.134787279,-0.044990124,-0.126070906,0.327018349,133.1813957,64.83516804,62.36509897,-172343.5475,7717.846576,1851.119501
0.595,0.221553376,0.165799445,0.063993699,0.195698653,133.3904716,64.78007443,62.36783827,-172363.1481,7737.64377,1855.867842
0.5975,0.243046526,0.04688508,0.041646359,0.281191721,133.5995476,64.67738532,62.34984331,-172360.7144,7736.161093,1855.512223
0.6,0.169206183,-0.046471231,-0.026002799,0.291620045,133.8086236,64.58134817,62.31988898,-172391.8204,7768.136986,1863.181616
0.6025,0.16044096,0.064673099,0.127605747,0.119206344,134.0176995,64.52990389,62.30305579,-172378.0696,7755.384973,1860.123056
0.605,0.197678739,0.044838259,0.012771355,0.242031484,134.2267755,64.46854955,62.25227714,-172371.2056,7749.154,1858.628562
0.6075,0.03712223,-0.003576538,-0.020762601,0.072817609,134.4358515,64.3909721,62.20084597,-172368.8146,7746.197185,1857.919372
0.61,-0.050861295,0.000485933,-0.054017834,0.07494773,134.6449275,64.32142593,62.1746514,-172342.2548,7718.36927,1851.244868
0.6125,0.248984238,0.042362244,0.122597713,0.255154723,134.8540034,64.25806926,62.17171915,-172416.9958,7791.843828,1868.867684
0.615,0.144839406,-0.071279977,-0.006985354,0.271831094,135.0630794,64.19266444,62.12931367,-172321.1817,7695.252243,1845.700268
0.6175,0.243660185,0.013893865,0.083598508,0.288567218,135.2721554,64.15467457,62.09642136,-172354.621,7729.267809,1853.858875
0.62,0.233806329,0.049945627,0.11167118,0.229198159,135.4812314,64.11050886,62.03058622,-172395.7494,7771.268557,1863.932721
0.6225,0.109327614,-0.028498412,-0.057032118,0.217912244,135.6903073,64.0613321,61.94236377,-172386.4081,7762.192511,1861.755839
0.625,0.145136074,0.025829232,0.116351985,0.152502509,135.8993833,64.0403194,61.89657697,-172406.6899,7782.603785,1866.651467
0.6275,0.209660327,-0.00369716,0.061923058,0.267682146,136.1084593,64.01974627,61.81572645,-172428.524,7803.549726,1871.675335
0.63,0.132223457,0.050207411,0.009324676,0.153304077,136.3175353,64.001512,61.73431121,-172396.1291,7769.771832,1863.573733
0.6325,0.15049903,0.056194666,-0.02603138,0.216373338,136.5266112,63.97147004,61.67796155,-172375.1121,7747.519588,1858.236549
0.635,0.227740761,0.132758782,-0.082151937,0.388898031,136.7356872,63.91982251,61.65034306,-172326.4728,7698.129385,1846.390348
0.6375,0.175919206,0.09161447,-0.041167391,0.268076298,136.9447632,63.80384667,61.65498422,-172363.9589,7734.794412,1855.184426
0.64,0.220079154,-0.008453718,0.007682323,0.312410082,137.1538392,63.68161973,61.67462949,-172371.4714,7743.127139,1857.183024
0.6425,0.244599543,0.001730593,0.032482989,0.323920467,137.3629151,63.60254152,61.67429887,-172335.1355,7707.494921,1848.636664
0.645,0.154499869,0.050340341,0.115083366,0.128819748,137.5719911,63.53610311,61.63852156,-172405.2509,7778.108935,1865.573381
0.6475,0.130402747,0.042499973,-0.023290236,0.188882985,137.7810671,63.47621,61.57101715,-172424.3056,7796.533001,1869.992378
0.65,0.179745075,-0.0322691,0.020682559,0.270286464,137.9901431,63.43490632,61.53241597,-172377.5513,7749.455043,1858.700767
0.6525,0.332870737,0.01519476,0.053210848,0.424938704,138.199219,63.40306183,61.49712063,-172362.6802,7734.128098,1855.024611
0.655,0.173592903,0.037637577,0.096483948,0.16701059,138.408295,63.36304153,61.43936926,-172356.9778,7728.663029,1853.713819
0.6575,0.133221916,-0.034405163,-0.054548074,0.25251167,138.617371,63.31087789,61.35412476,-172375.3454,7746.682594,1858.035797
0.66,0.201160177,0.044838619,0.01388719,0.245897524,138.826447,63.28931161,61.31420349,-172368.7979,7740.606977,1856.578565
0.6625,0.227724557,0.15017685,0.077395154,0.184146006,139.0355229,63.24818018,61.27710807,-172377.6506,7749.872813,1858.800969
0.665,0.083717529,-0.070453876,-0.082512001,0.227038492,139.2445989,63.15295739,61.21521227,-172406.918,7778.955752,1865.776489
0.6675,0.252337181,0.062240139,0.054198089,0.274701037,139.4536749,63.11326422,61.19520739,-172452.025,7823.129233,1876.371464
0.67,0.305516989,0.057255612,0.093006028,0.328744143,139.6627509,63.07826729,61.16629878,-172404.2845,7773.982731,1864.583714
0.6725,0.207924721,0.012192673,0.032566225,0.263584366,139.8718268,63.01658641,61.11406227,-172371.1901,7739.984962,1856.429375
0.675,0.144724904,-0.010941751,-0.051575777,0.253805414,140.0809028,62.95857753,61.06693607,-172374.2849,7742.259469,1856.974914
0.6775,0.299052748,0.058681658,0.118234975,0.306626687,140.2899788,62.92096556,61.04312106,-172392.6327,7760.88711,1861.442739
0.68,0.32030459,0.027194554,0.020091031,0.419633334,140.4990548,62.8636679,60.99562459,-172384.8853,7753.458602,1859.661017
0.6825,0.178201528,0.049753941,0.051490893,0.18043665,140.7081307,62.79824439,60.95410427,-172407.9614,7776.865223,1865.275077
0.685,0.078225457,-0.001262679,-0.034280421,0.141654889,140.9172067,62.72408514,60.90934336,-172401.4002,7769.186689,1863.433387
0.6875,0.132807182,0.006738405,-0.034665448,0.213669599,141.1262827,62.67268614,60.89203282,-172350.7151,7717.558171,1851.050327
0.69,0.21829765,0.053999852,0.087979874,0.212440887,141.3353586,62.62377686,60.8816457,-172346.512,7713.260389,1850.019507
0.6925,0.086554345,0.040020213,0.01922813,0.084442616,141.5444346,62.54945218,60.83649097,-172366.1084,7732.710143,1854.684516
0.695,0.086068093,-0.053347974,-0.013778264,0.175988342,141.7535106,62.47472663,60.79525208,-172406.3143,7772.839217,1864.309443
0.6975,0.0459235,-0.061032979,0.072976161,0.173579907,141.9625866,62.43915664,60.76292425,-172339.8403,7706.247852,1848.337556
0.7,0.221313577,0.043479735,0.106938341,0.2207568,142.1716625,62.42212599,60.70025905,-172413.5205,7779.80294,1865.979687
0.7025,0.099010422,0.027918736,-0.110979457,0.261615147,142.3807385,62.38248662,60.61972225,-172362.8136,7728.653685,1853.711577
0.705,0.182030238,0.061226403,0.077033376,0.160834598,142.5898145,62.33793273,60.58596658,-172436.1757,7801.132766,1871.095629
0.7075,0.150410847,0.06443247,0.003283024,0.18104732,142.7988905,62.27672976,60.54905125,-172445.0264,7807.845527,1872.705679
0.71,0.053528049,-0.093393652,0.07335237,0.223121549,143.0079664,62.2186869,60.51915418,-172369.3336,7729.735004,1853.970931
0.7125,0.189829161,0.00142102,0.126347378,0.234806643,143.2170424,62.21658189,60.45023464,-172403.8129,7762.278045,1861.776354
0.715,0.261364181,0.115604818,0.011904942,0.306968024,143.4261184,62.21900218,60.3634076,-172431.551,7789.553374,1868.318321
0.7175,0.232777747,0.025748933,0.010230298,0.304350333,143.6351944,62.18442577,60.31417974,-172379.0464,7736.955258,1855.702703
0.72,0.289294843,0.066612089,0.042704856,0.333115274,143.8442703,62.14134044,60.28325765,-172381.0123,7739.431689,1856.296673
0.7225,0.26858066,0.066963782,0.052749531,0.29569323,144.0533463,62.08715407,60.24699265,-172364.0702,7724.055428,1852.608689
0.725,0.171132421,0.03619812,-0.046872737,0.269507479,144.2624223,62.0104252,60.20511648,-172394.274,7755.188305,1860.075885
0.7275,0.217663172,0.036901781,0.055539422,0.243528546,144.4714983,61.9395324,60.18522702,-172421.3023,7783.070542,1866.763418
0.73,0.083380247,-0.001139181,0.102300245,0.134911879,144.6805742,61.8805784,60.14762087,-172413.5489,7774.844939,1864.790514
0.7325,0.079830022,0.015692722,-0.035871722,0.141983726,144.8896502,61.83961897,60.08669356,-172434.5267,7794.528447,1869.511588
0.735,0.250739683,0.028919464,0.06442577,0.291852327,145.0987262,61.81392668,60.05273969,-172426.3981,7785.163297,1867.265364
0.7375,0.220258977,0.080775264,0.050842207,0.22148078,145.3078022,61.77774485,60.0112282,-172400.8986,7758.461127,1860.860869
0.74,0.221988107,-0.000609707,0.084333335,0.275161668,145.5168781,61.72536645,59.96568578,-172415.6709,7772.362263,1864.195046
0.7425,0.157280804,0.011588914,0.053545696,0.183704848,145.7259541,61.7067718,59.90190508,-172403.0644,7758.846928,1860.953403
0.745,0.140034685,0.084366333,0.042015402,0.120417385,145.9350301,61.69310232,59.82472911,-172419.0224,7774.326714,1864.666218
0.7475,0.088447333,-0.084107082,0.019647557,0.212775611,146.1441061,61.6590771,59.74887003,-172405.9071,7760.370678,1861.318874
0.75,0.101345025,0.064980471,0.04375537,0.07134041,146.353182,61.65364995,59.6825677,-172411.1193,7764.159742,1862.227677
0.7525,0.129572454,-0.030871002,0.020218802,0.200774729,146.562258,61.62920168,59.61449324,-172400.0208,7751.277448,1859.137869
0.755,0.177708297,0.069423729,-0.008909784,0.229538657,146.771334,61.62046184,59.55345996,-172417.5524,7767.595688,1863.051787
0.7575,0.164492189,0.099177017,-0.0208196,0.23022971,146.98041,61.57689796,59.50683651,-172414.191,7762.316516,1861.785581
0.76,0.031763604,-0.043307812,-0.051230221,0.11218938,147.1894859,61.49239375,59.48325747,-172348.4236,7694.877519,1845.61039
0.7625,0.148760896,0.052702222,-0.001955984,0.186896672,147.3985619,61.43263758,59.48523778,-172370.7274,7716.283318,1850.744554
0.765,0.235969604,0.067203118,0.052841183,0.249448212,147.6076379,61.36458974,59.48278224,-172369.5416,7715.544227,1850.567284
0.7675,0.201096873,-0.038315304,0.048369792,0.296914226,147.8167139,61.28401851,59.455675,-172379.0188,7726.111459,1853.101826
0.77,0.192313779,0.060405725,0.016136612,0.224494729,148.0257898,61.23487814,59.41764924,-172423.5921,7771.333388,1863.948271
0.7725,0.152844661,0.039717034,0.089463724,0.138887495,148.2348658,61.17928177,59.38224245,-172424.8051,7772.45033,1864.216169
0.775,0.079922063,0.105262036,-0.034998122,0.183089253,148.4439418,61.12379242,59.3442869,-172427.7127,7774.843756,1864.79023
0.7775,0.178045472,0.043742703,0.006125638,0.221379101,148.6530178,61.05876453,59.33712336,-172397.6946,7744.398899,1857.488055
0.78,0.172126301,0.028617398,0.147703156,0.188076348,148.8620937,60.98856562,59.32793903,-172423.8557,7770.701991,1863.796831
0.7825,0.049644868,-0.003522877,-0.066711629,0.142683081,149.0711697,60.92453777,59.27625971,-172389.4119,7735.739993,1855.411223
0.785,0.18190323,0.036303469,0.075127866,0.184682437,149.2802457,60.88127903,59.24917209,-172454.5044,7799.838761,1870.785262
0.7875,0.109615075,0.084397615,0.026940779,0.103789438,149.4893216,60.84161925,59.21100023,-172408.4,7752.63619,1859.463763
0.79,0.156491443,0.035928917,0.001911107,0.198966365,149.6983976,60.78194458,59.1774386,-172435.5038,7778.672895,1865.708646
0.7925,0.13007255,-0.051231435,0.035909367,0.22210664,149.9074736,60.72206387,59.15756072,-172397.9731,7740.331486,1856.512489
0.795,0.146750075,0.004981109,0.019361841,0.191136097,150.1165496,60.68788289,59.12615418,-172349.1358,7690.291132,1844.510349
0.7975,0.146855008,0.090613407,0.036363231,0.135331563,150.3256255,60.65066101,59.07333037,-172417.133,7757.517735,1860.634597
0.8,0.178506415,-0.078878051,-0.069328654,0.357435555,150.5347015,60.59165341,59.01847278,-172412.1972,7751.866431,1859.279136
0.8025,0.354145225,0.063572346,0.111367694,0.381651572,150.7437775,60.58238142,58.9967683,-172412.5003,7752.057852,1859.325049
0.805,0.209353038,0.020777652,0.074474306,0.23798378,150.9528535,60.55790457,58.93669884,-172356.0162,7695.759547,1845.821944
0.8075,0.134561452,-0.050976229,-0.023442597,0.245250101,151.1619294,60.51718452,58.85466053,-172403.6565,7743.670865,1857.313436
0.81,0.152904633,0.004772027,-0.065713598,0.273322929,151.3710054,60.50716366,58.79895509,-172367.079,7707.370233,1848.606758
0.8125,0.313648133,0.107112471,0.111079387,0.289321297,151.5800814,60.49485109,58.77063885,-172367.5721,7708.445029,1848.864547
0.815,0.158253613,0.075981301,-0.053541653,0.261538074,151.7891574,60.4362634,58.71507529,-172368.6806,7710.178149,1849.280235
0.8175,0.150460351,-0.065697062,-0.05781279,0.300273026,151.9982333,60.35178906,58.69052288,-172397.7961,7740.04477,1856.44372
0.82,0.210575947,0.024330471,0.087733481,0.231943076,152.2073093,60.30212781,58.69046932,-172393.6214,7736.397576,1855.568944
0.8225,0.16338603,-0.002028241,0.091672583,0.203185984,152.4163853,60.24570262,58.6548918,-172403.4052,7746.002236,1857.872614
0.825,0.009194461,-0.046874555,0.017295207,0.085598568,152.6254613,60.20551354,58.59748864,-172382.7005,7725.255203,1852.896454
0.8275,0.090332996,0.02660521,0.086534802,0.087562623,152.8345372,60.1988356,58.54018992,-172385.7756,7728.235463,1853.611267
0.83,0.033194816,0.025015466,0.013424906,0.024332945,153.0436132,60.1779766,58.46816909,-172374.675,7717.024591,1850.922348
0.8325,0.067406261,0.002976764,-0.060478055,0.156627176,153.2526892,60.14300301,58.40819564,-172409.509,7751.374232,1859.161083
0.835,0.133466238,-0.003283211,0.034831842,0.172863858,153.4617652,60.11399128,58.38063122,-172378.1796,7719.567916,1851.532363
0.8375,0.146564733,0.121451739,0.074408986,0.089722544,153.6708411,60.08143804,58.33585118,-172427.461,7768.160184,1863.18718
0.84,0.037840477,-0.090733051,0.04376775,0.186163235,153.8799171,60.03285008,58.2718938,-172428.2519,7768.069074,1863.165328
0.8425,0.281154914,-0.001815535,0.020614056,0.385301052,154.0889931,60.04058334,58.21362285,-172412.2818,7751.555671,1859.204601
0.845,0.209269478,0.115954634,-0.013664714,0.274241663,154.2980691,60.04461734,58.15407669,-172358.5389,7697.274107,1846.18521
0.8475,0.22106746,0.048775086,-0.003687092,0.288013109,154.507145,60.0035615,58.09900355,-172403.4797,7742.317627,1856.988863
0.85,0.161612835,0.134216621,-0.011294562,0.227642318,154.716221,59.94441628,58.06041057,-172443.9088,7782.428299,1866.609377
0.8525,0.08164899,0.056667076,-0.002444931,0.10578333,154.925297,59.86373513,58.04558456,-172461.4063,7798.618232,1870.49252
0.855,0.104830973,0.062928006,-0.04625156,0.191054883,155.134373,59.78741769,58.04422984,-172431.7431,7766.60966,1862.815288
0.8575,0.047308645,-0.017506887,0.005481745,0.080492359,155.3434489,59.70650108,58.05416412,-172380.4467,7712.490849,1849.834934
0.86,0.165999617,-0.078802795,0.141472588,0.33022877,155.5525249,59.65063883,58.03760166,-172400.0858,7730.466864,1854.146467
0.8625,0.071253546,0.092314396,-0.00105122,0.119952812,155.7616009,59.63364144,57.9722101,-172428.1858,7756.939898,1860.496004
0.865,0.097460562,0.09542867,-0.054406629,0.213350389,155.9706769,59.5857845,57.93198854,-172416.7852,7744.185423,1857.436853
0.8675,0.07822878,0.039968745,-0.033289452,0.138805294,156.1797528,59.51198813,57.92407444,-172393.7905,7720.534582,1851.764217
0.87,-0.003719239,-0.034697607,0.070590084,0.132540684,156.3888288,59.43602616,57.92277736,-172388.1638,7713.946775,1850.184137
0.8725,0.126102236,0.006809512,0.043798564,0.149575528,156.5979048,59.38163927,57.90016927,-172447.9195,7773.066312,1864.363911
0.875,0.109050103,0.027164116,0.050081413,0.103478615,156.8069808,59.34127981,57.86479205,-172426.3144,7750.590429,1858.973088
0.8775,0.115443459,-0.069201613,0.009072845,0.227014099,157.0160567,59.30909175,57.82230495,-172394.5605,7718.333624,1851.236319
0.88,0.148220711,0.077352571,0.069297015,0.106377324,157.2251327,59.29883921,57.77367368,-172384.5462,7708.072699,1848.775244
0.8825,0.190325188,-0.050258126,-0.033321887,0.328915158,157.4342087,59.25619292,57.70060242,-172463.3732,7785.961129,1867.456723
0.885,0.14981557,-0.01305013,-0.037490017,0.249411161,157.6432846,59.24303179,57.65342283,-172425.0281,7746.025066,1857.87809
0.8875,0.193149617,0.223971663,0.031494146,0.253239184,157.8523606,59.23175733,57.63107933,-172364.8123,7684.648148,1843.156884
0.89,0.109476388,-0.06111989,-0.006979211,0.21353269,158.0614366,59.13390304,57.59815228,-172415.0152,7733.874855,1854.963871
0.8925,0.049082533,-0.025118122,-0.030628258,0.109040859,158.2705126,59.07434237,57.57555157,-172423.4497,7741.915269,1856.892358
0.895,0.112483798,0.079507584,0.03665458,0.093133672,158.4795885,59.04357706,57.55511271,-172410.6422,7727.887864,1853.527896
0.8975,0.104108254,0.025627256,-0.072126365,0.216272233,158.6886645,58.98861542,57.52257874,-172362.8512,7679.530323,1841.929377
0.9,0.183239401,-0.047933338,0.046460536,0.284709495,158.8977405,58.93099519,57.51542861,-172402.369,7719.213325,1851.447314
0.9025,0.115186153,0.06399421,0.121596325,0.077328579,159.1068165,58.88325229,57.47877103,-172433.4946,7750.2029,1858.88014
0.905,-0.06582696,-0.042603946,-0.176839902,0.175734099,159.3158924,58.82831348,57.41292283,-172407.0269,7723.274968,1852.421496
0.9075,0.2322018,0.077604664,0.092579152,0.208851606,159.5249684,58.80035953,57.41915521,-172441.7831,7756.903545,1860.487284
0.91,0.191806246,0.056969698,0.087289052,0.173274354,159.7340444,58.74085164,57.40217492,-172439.0225,7752.80804,1859.504981
0.9125,0.029801151,-0.104503396,-0.079744498,0.175074166,159.9431204,58.67531624,57.35181435,-172396.6812,7709.590343,1849.13925
0.915,0.060243385,0.041209267,-0.035022159,0.123487051,160.1521963,58.65660831,57.3285518,-172353.5908,7665.450034,1838.552231
0.9175,0.162687351,0.122542036,0.059776711,0.127050117,160.3612723,58.60920096,57.31339779,-172405.8451,7717.170117,1850.957253
0.92,0.088628715,-0.065641492,-0.071348846,0.222316645,160.5703483,58.52130248,57.27834512,-172407.5832,7718.662741,1851.315257
0.9225,0.185700478,0.028686655,0.029108607,0.221753315,160.7794243,58.46994939,57.28098609,-172412.6022,7723.600559,1852.499589
0.925,0.128967011,0.127691356,0.100985538,0.038701302,160.9885002,58.41853332,57.26653192,-172457.0608,7768.084089,1863.168929
0.9275,-0.021549902,-0.114237912,-0.04283319,0.118923,161.1975762,58.34432993,57.21786047,-172406.3421,7716.978807,1850.911367
0.93,0.056262835,0.059462796,-0.008908778,0.094510586,161.4066522,58.32546196,57.19756977,-172393.9995,7704.373672,1847.888035
0.9325,0.175878677,0.056961011,0.121651771,0.145831625,161.6157282,58.28401457,57.17402547,-172430.6582,7740.546037,1856.563949
0.935,0.071857687,-0.025398284,-0.016906691,0.131946754,161.8248041,58.23496385,57.11940508,-172424.9156,7734.886815,1855.206589
0.9375,0.104091881,-0.025853357,-0.005434649,0.171168774,162.0338801,58.21799973,57.07807082,-172374.1097,7683.663554,1842.92073
0.94,0.14207534,0.102100109,0.09901389,0.058837338,162.2429561,58.21079554,57.03597671,-172432.0966,7741.685909,1856.837346
0.9425,0.064953217,0.023493722,-0.090659549,0.197396028,162.4520321,58.16821858,56.9711038,-172397.5699,7706.583528,1848.418067
0.945,0.143487211,0.001448772,0.022277448,0.187884429,162.661108,58.12826526,56.94266891,-172430.2714,7739.937065,1856.417887
0.9475,0.197584426,0.001341141,-0.0704858,0.339900253,162.870184,58.09846099,56.91242584,-172392.4064,7702.022595,1847.324131
0.95,0.2628308,0.113390978,0.081397487,0.237221186,163.07926,58.05922213,56.8974322,-172416.1253,7726.092506,1853.097281
0.9525,0.14814932,-0.006347474,0.030244545,0.197761906,163.288336,57.99276268,56.85896748,-172443.4695,7753.764486,1859.734383
0.955,0.111419241,-0.006448275,-0.023514019,0.179974932,163.4974119,57.9524784,56.81903819,-172427.0505,7737.111888,1855.740271
0.9575,0.156656476,0.066654447,0.083248316,0.117322119,163.7064879,57.91817618,56.79440874,-172431.6594,7741.123362,1856.70242
0.96,0.049179287,-0.116433053,-0.016618577,0.204254096,163.9155639,57.87221945,56.74925858,-172396.5203,7705.2918,1848.108247
0.9625,0.177212138,0.094762236,0.124749549,0.102223033,164.1246399,57.87295108,56.70637738,-172461.6209,7770.096754,1863.651665
0.965,0.248793934,0.020596166,-0.016056099,0.351515505,164.3337158,57.85343724,56.64066948,-172452.0587,7760.130994,1861.261385
0.9675,0.172539565,0.044016906,0.006051241,0.213723718,164.5427918,57.82375533,56.59435534,-172414.8324,7722.649344,1852.271441
0.97,0.095719951,0.053298043,0.082721919,0.053238442,164.7518678,57.78986137,56.56276266,-172400.4135,7707.999397,1848.757663
0.9725,0.148695481,-0.055634632,-0.012407692,0.263768072,164.9609437,57.75549118,56.51581644,-172411.6493,7719.534267,1851.524292
0.975,0.106810305,0.020553024,0.065230658,0.105665872,165.1700197,57.73349879,56.47194022,-172417.9775,7726.24339,1853.13347
0.9775,0.085211295,-0.020875503,0.010294731,0.133560786,165.3790957,57.70045961,56.40801401,-172432.1165,7739.664629,1856.352544
0.98,0.075051402,0.002444147,-0.097702738,0.21247401,165.5881717,57.67352299,56.35725437,-172452.8765,7758.972773,1860.983587
0.9825,0.14768039,0.090149405,0.034730687,0.138342633,165.7972476,57.6483557,56.35670857,-172405.5814,7710.554132,1849.370414
0.985,0.141775766,0.081855917,0.052597893,0.111351306,166.0063236,57.58065826,56.34575125,-172407.5556,7711.531835,1849.604915
0.9875,0.005343438,-0.004544899,-0.100741586,0.143546558,166.2153996,57.48883686,56.31299627,-172435.7966,7738.733835,1856.129294
0.99,-0.045602286,-0.051720818,-0.120613664,0.102031208,166.4244756,57.42047293,56.32392261,-172359.7283,7661.476975,1837.599296
0.9925,0.346650161,0.087167651,0.128845606,0.34133129,166.6335515,57.37332672,56.36207171,-172435.7924,7737.336431,1855.794127
0.995,0.304736594,0.03510802,0.032963468,0.382837823,166.8426275,57.30572546,56.33637755,-172427.7869,7729.858071,1854.000448
0.9975,0.093603759,0.021240051,-0.026118866,0.147691842,167.0517035,57.23398162,56.28967853,-172472.6749,7774.280375,1864.655104
1,-0.011852346,-0.055726949,0.041160303,0.118837962,167.2607795,57.17258701,56.26629304,-172468.4779,7768.87144,1863.357775
